Technique,MC/DC Coverage (%),Fault Detection (%),Avg Time (s),Total Tests
Original A*,75.0,66.66666666666666,0.015969594319661457,3
Mutant1 (heuristic zero),75.0,66.66666666666666,0.021332422892252605,3
Mutant2 (no colision),75.0,33.33333333333333,0.010704676310221354,3
Mutant3 (high cost),75.0,66.66666666666666,0.02379266421000163,3
Mutation Score,N/A,11.111111111111109,N/A,N/A
